,brand t140p test,brand v177j test,brand T75q test,brand w32S test,brand G56h test,brand t140p actual,brand v177j actual,brand T75q actual,brand w32S actual,brand G56h actual
0,2.017079,1.1651514,0.0,1.3483342,1.3996177,0.0,0.0,0.0,1.0,0.0
1,1.9009633,1.2741941,0.0,1.6304245,1.8107295,0.0,0.0,0.0,0.0,0.0
2,1.662248,1.4600648,0.0,1.9400332,2.2990596,1.0,0.0,0.0,2.0,0.0
3,1.9229883,1.2304584,0.0,1.6043591,1.7807231,3.0,0.0,2.0,3.0,0.0
4,1.8817967,1.1233069,0.0,1.6426296,1.8941783,1.0,0.0,0.0,0.0,0.0
5,0.0,0.0,0.0,2.1582394,5.493059,0.0,0.0,0.0,3.0,1.0
6,0.13862604,0.0,0.0,2.1962545,3.8006175,1.0,0.0,0.0,2.0,1.0
7,0.0,0.0,0.0,2.172721,8.897394,4.0,1.0,1.0,4.0,0.0
8,0.0,0.0,0.0,2.0459595,8.812896,1.0,0.0,0.0,2.0,1.0
