,brand t140p test,brand v177j test,brand T75q test,brand w32S test,brand G56h test,brand t140p actual,brand v177j actual,brand T75q actual,brand w32S actual,brand G56h actual
0,0.30692786,0.558436,0.0,0.0,0.48677957,0.0,0.0,0.0,1.0,0.0
1,1.0320969,0.6611997,0.0,0.5471731,0.6158414,0.0,0.0,0.0,0.0,0.0
2,2.8477786,0.55147046,0.0,0.98156226,0.9934137,1.0,0.0,0.0,2.0,0.0
3,4.1170015,0.5517752,0.0,1.0685897,1.2209901,3.0,0.0,2.0,3.0,0.0
4,3.1365917,0.5461529,0.0,1.4263716,1.5992186,1.0,0.0,0.0,0.0,0.0
5,6.0297017,0.0,0.0,1.2458501,2.6259553,0.0,0.0,0.0,3.0,1.0
6,5.6807623,0.0,0.0,2.011999,2.6698065,1.0,0.0,0.0,2.0,1.0
7,15.87283,0.0,0.0,1.1445506,2.5256827,4.0,1.0,1.0,4.0,0.0
8,9.765051,0.0,0.0,3.4465005,4.724998,1.0,0.0,0.0,2.0,1.0
